<?xml version="1.0"?>
<ruleset name="WordPress Coding Standards">
    <description>Increase Maximum Upload File Size dev PHP_CodeSniffer ruleset.</description>

    <arg name="extensions" value="php"/>

    <file>.</file>

	<!-- Exclude Composer vendor directory. -->
	<exclude-pattern>*/vendor/*</exclude-pattern>

    <!-- Exclude Imagify Partner API. -->
    <exclude-pattern>Imagify_Partner.php</exclude-pattern>

    <rule ref="WordPress">
        <!-- https://github.com/WordPress-Coding-Standards/WordPress-Coding-Standards/ -->
        <exclude name="Squiz.Commenting.FileComment.Missing"/>
        <exclude name="Squiz.Commenting.FileComment.MissingPackageTag"/>
        <exclude name="Squiz.Commenting.FunctionCommentThrowTag"/>
        <exclude name="WordPress.Files.FileName.NotHyphenatedLowercase" />
    </rule>

    <rule ref="WordPress.Files.FileName">
        <properties>
            <property name="strict_class_file_names" value="false" />
        </properties>
    </rule>
</ruleset>
